--export=ALL,LOCATION=US
--export=ALL,LOCATION=01
--export=ALL,LOCATION=02
--export=ALL,LOCATION=04
--export=ALL,LOCATION=05
--export=ALL,LOCATION=06
--export=ALL,LOCATION=08
--export=ALL,LOCATION=09
--export=ALL,LOCATION=10
--export=ALL,LOCATION=11
--export=ALL,LOCATION=12
--export=ALL,LOCATION=13
--export=ALL,LOCATION=15
--export=ALL,LOCATION=16
--export=ALL,LOCATION=17
--export=ALL,LOCATION=18
--export=ALL,LOCATION=19
--export=ALL,LOCATION=20
--export=ALL,LOCATION=21
--export=ALL,LOCATION=22
--export=ALL,LOCATION=23
--export=ALL,LOCATION=24
--export=ALL,LOCATION=25
--export=ALL,LOCATION=26
--export=ALL,LOCATION=27
--export=ALL,LOCATION=28
--export=ALL,LOCATION=29
--export=ALL,LOCATION=30
--export=ALL,LOCATION=31
--export=ALL,LOCATION=32
--export=ALL,LOCATION=33
--export=ALL,LOCATION=34
--export=ALL,LOCATION=35
--export=ALL,LOCATION=36
--export=ALL,LOCATION=37
--export=ALL,LOCATION=38
--export=ALL,LOCATION=39
--export=ALL,LOCATION=40
--export=ALL,LOCATION=41
--export=ALL,LOCATION=42
--export=ALL,LOCATION=44
--export=ALL,LOCATION=45
--export=ALL,LOCATION=46
--export=ALL,LOCATION=47
--export=ALL,LOCATION=48
--export=ALL,LOCATION=49
--export=ALL,LOCATION=50
--export=ALL,LOCATION=51
--export=ALL,LOCATION=53
--export=ALL,LOCATION=54
--export=ALL,LOCATION=55
--export=ALL,LOCATION=56
--export=ALL,LOCATION=72
--export=ALL,LOCATION=78
